{"cameraMode":{"drawMode":0,"name":"Shaded","section":"Shading Mode"},"sceneLighting":true,"audioPlay":false,"sceneViewState":{"showFog":true,"showMaterialUpdate":false,"showSkybox":true,"showFlares":true,"showImageEffects":true,"showParticleSystems":true},"in2DMode":false,"pivot":{"x":39.71416091918945,"y":2.9145820140838625,"z":72.92862701416016},"rotation":{"x":0.04968370869755745,"y":0.390136182308197,"z":-0.021087858825922014,"w":0.919174075126648},"size":9.755645751953125,"orthographic":false}