{"cameraMode":{"drawMode":0,"name":"Shaded","section":"Shading Mode"},"sceneLighting":false,"audioPlay":false,"sceneViewState":{"showFog":true,"showMaterialUpdate":false,"showSkybox":false,"showFlares":true,"showImageEffects":true,"showParticleSystems":true},"in2DMode":false,"pivot":{"x":16.829999923706056,"y":1.6699999570846558,"z":5.599999904632568},"rotation":{"x":0.16084492206573487,"y":-0.2572961747646332,"z":0.04347768425941467,"w":0.9518600702285767},"size":5.400056838989258,"orthographic":false}