{"cameraMode":{"drawMode":0,"name":"Shaded","section":"Shading Mode"},"sceneLighting":false,"audioPlay":false,"sceneViewState":{"showFog":true,"showMaterialUpdate":false,"showSkybox":false,"showFlares":true,"showImageEffects":true,"showParticleSystems":true},"in2DMode":false,"pivot":{"x":16.23999786376953,"y":3.5079994201660158,"z":9.619998931884766},"rotation":{"x":0.23435188829898835,"y":-0.32482945919036868,"z":0.08342643827199936,"w":0.9124720692634583},"size":75.8809585571289,"orthographic":false}