{"cameraMode":{"drawMode":0,"name":"Shaded","section":"Shading Mode"},"sceneLighting":true,"audioPlay":false,"sceneViewState":{"showFog":true,"showMaterialUpdate":false,"showSkybox":false,"showFlares":true,"showImageEffects":true,"showParticleSystems":true},"in2DMode":false,"pivot":{"x":0.0,"y":2.075000047683716,"z":1.5750000476837159},"rotation":{"x":0.24055464565753938,"y":-0.021837124601006509,"z":0.00541339349001646,"w":0.9703748226165772},"size":12.429330825805664,"orthographic":false}