{"cameraMode":{"drawMode":0,"name":"Shaded","section":"Shading Mode"},"sceneLighting":false,"audioPlay":false,"sceneViewState":{"showFog":true,"showMaterialUpdate":false,"showSkybox":false,"showFlares":true,"showImageEffects":true,"showParticleSystems":true},"in2DMode":false,"pivot":{"x":35.310001373291019,"y":2.0,"z":69.2300033569336},"rotation":{"x":0.3033524453639984,"y":0.03286580368876457,"z":-0.010470072738826275,"w":0.9522548317909241},"size":9.370198249816895,"orthographic":false}