{"cameraMode":{"drawMode":0,"name":"Shaded","section":"Shading Mode"},"sceneLighting":false,"audioPlay":false,"sceneViewState":{"showFog":true,"showMaterialUpdate":false,"showSkybox":false,"showFlares":true,"showImageEffects":true,"showParticleSystems":true},"in2DMode":false,"pivot":{"x":35.40214920043945,"y":0.09947443008422852,"z":68.96344757080078},"rotation":{"x":0.5421107411384583,"y":0.457314670085907,"z":-0.48125460743904116,"w":0.5151459574699402},"size":6.958361625671387,"orthographic":false}