{"cameraMode":{"drawMode":0,"name":"Shaded","section":"Shading Mode"},"sceneLighting":false,"audioPlay":false,"sceneViewState":{"showFog":true,"showMaterialUpdate":false,"showSkybox":false,"showFlares":true,"showImageEffects":true,"showParticleSystems":true},"in2DMode":false,"pivot":{"x":1.1932506561279297,"y":7.780818939208984,"z":-0.21602606773376466},"rotation":{"x":0.24055464565753938,"y":-0.021837124601006509,"z":0.00541339349001646,"w":0.9703748226165772},"size":34.0439453125,"orthographic":false}