{"cameraMode":{"drawMode":0,"name":"Shaded","section":"Shading Mode"},"sceneLighting":false,"audioPlay":false,"sceneViewState":{"showFog":true,"showMaterialUpdate":false,"showSkybox":false,"showFlares":true,"showImageEffects":true,"showParticleSystems":true},"in2DMode":false,"pivot":{"x":13.630075454711914,"y":-2.139133930206299,"z":4.076748371124268},"rotation":{"x":-0.13723842799663545,"y":0.8544524312019348,"z":-0.2841050624847412,"w":-0.4127475917339325},"size":10.680909156799317,"orthographic":false}